{"cameraMode":{"drawMode":0,"name":"Shaded","section":"Shading Mode"},"sceneLighting":false,"audioPlay":false,"sceneViewState":{"showFog":true,"showMaterialUpdate":false,"showSkybox":false,"showFlares":true,"showImageEffects":true,"showParticleSystems":true},"in2DMode":false,"pivot":{"x":-344.0299987792969,"y":-9.989999771118164,"z":10.18462085723877},"rotation":{"x":-0.002968088025227189,"y":0.7081593871116638,"z":-0.7060398459434509,"w":-0.0029771020635962488},"size":7.071067810058594,"orthographic":false}