{"cameraMode":{"drawMode":0,"name":"Shaded","section":"Shading Mode"},"sceneLighting":true,"audioPlay":false,"sceneViewState":{"showFog":true,"showMaterialUpdate":false,"showSkybox":true,"showFlares":true,"showImageEffects":true,"showParticleSystems":true},"in2DMode":false,"pivot":{"x":44.19941711425781,"y":-7.687797546386719,"z":-68.05384063720703},"rotation":{"x":0.0012685158289968968,"y":-0.7077397108078003,"z":0.7064687609672546,"w":0.0012716730125248433},"size":25.24309539794922,"orthographic":false}