{"cameraMode":{"drawMode":0,"name":"Shaded","section":"Shading Mode"},"sceneLighting":true,"audioPlay":false,"sceneViewState":{"showFog":true,"showMaterialUpdate":false,"showSkybox":true,"showFlares":true,"showImageEffects":true,"showParticleSystems":true},"in2DMode":false,"pivot":{"x":32.1269416809082,"y":0.459625244140625,"z":-30.977840423583986},"rotation":{"x":-0.0032818110194057228,"y":0.6873176693916321,"z":-0.7263468503952026,"w":-0.0031057498417794706},"size":27.41950798034668,"orthographic":false}