{"cameraMode":{"drawMode":0,"name":"Shaded","section":"Shading Mode"},"sceneLighting":true,"audioPlay":false,"sceneViewState":{"showFog":true,"showMaterialUpdate":false,"showSkybox":true,"showFlares":true,"showImageEffects":true,"showParticleSystems":true},"in2DMode":false,"pivot":{"x":83.40354919433594,"y":6.341738224029541,"z":-46.55449295043945},"rotation":{"x":0.011543544009327889,"y":0.713982880115509,"z":-0.6999859809875488,"w":0.01176332775503397},"size":15.84177017211914,"orthographic":false}