{"cameraMode":{"drawMode":0,"name":"Shaded","section":"Shading Mode"},"sceneLighting":false,"audioPlay":false,"sceneViewState":{"showFog":true,"showMaterialUpdate":false,"showSkybox":false,"showFlares":true,"showImageEffects":true,"showParticleSystems":true},"in2DMode":false,"pivot":{"x":-335.79998779296877,"y":-9.020000457763672,"z":12.736889839172364},"rotation":{"x":-0.002968088025227189,"y":0.7081593871116638,"z":-0.7060398459434509,"w":-0.0029771020635962488},"size":3.024744749069214,"orthographic":false}